0,20.881139220544227,35.611774578651286,-14.177359045570881,0.0
0,20.50838490612545,35.31685649576397,-13.862829904729779,0.0
0,20.136231198049018,35.0375579516677,-13.587915128723267,0.0
0,19.781870838478437,34.75741287737053,-13.345998118493924,0.0
0,19.43900357622187,34.484907374588104,-13.08804551841635,0.0
0,19.098086561721814,34.199965798458436,-12.845210791596998,0.0
0,18.768098798615526,33.91768467873243,-12.623459434800708,0.0
0,18.43858606993271,33.644317200623945,-12.37877853996443,0.0
0,18.124983583057375,33.36720333768737,-12.12326426422402,0.0
0,17.498308641091384,32.79595978859683,-11.637006538994399,0.0
0,17.19863484923021,32.51362204651831,-11.418746854466832,0.0
0,16.901262718504405,32.236199210266015,-11.217829544972545,0.0
0,16.6152064332107,31.96589124693036,-11.02261572680456,0.0
0,16.472069210043912,32.05474145056901,-10.941397505429904,0.0
0,16.191045377505358,31.76412369906307,-10.745298667707345,0.0
0,15.985452099004991,31.63306911289745,-10.59349854141064,0.0
0,15.725707278520154,31.33783621259954,-10.422596967992348,0.0
0,15.53938140379569,31.222586651425573,-10.323028167022642,0.0
0,15.286937023969308,30.946170190435755,-10.15381336596613,0.0
0,15.080576502029835,30.840631433080418,-10.035851389447004,0.0
0,14.844874667325158,30.548449872606025,-9.872955662758898,0.0
0,14.59447209930132,30.266092424933497,-9.704623917811944,0.0
0,14.36471905605525,29.965593617325183,-9.54869919856904,0.0
0,14.136246651462127,29.680273113744928,-9.399626458290356,0.0
0,13.903803728945487,29.40826982891497,-9.262802268737858,0.0
0,13.693160629152793,29.13124583460982,-9.138241957053623,0.0
0,13.475453601778764,28.85241953332741,-8.999894291516682,0.0
0,13.257512192759268,28.581851008516804,-8.866393652979582,0.0
0,13.049607258980231,28.30146966327475,-8.743064348152302,0.0
0,12.836218995584247,28.02011010305387,-8.627129988303011,0.0
0,12.64317615323997,27.741946601898558,-8.501895971829157,0.0
0,12.445926574936419,27.4625766183532,-8.381519238929712,0.0
0,12.253173410943525,27.195575346019975,-8.272858041269302,0.0
0,12.063596394225868,26.923845067870193,-8.155137135140649,0.0
0,11.887556096031705,26.6659081766648,-8.045075156494107,0.0
0,11.689680573227783,26.401765686356114,-7.938300990307141,0.0
0,11.51136776426247,26.146673150586967,-7.8479374235521675,0.0
0,11.337534211889512,25.886159544000652,-7.756442055868803,0.0
0,11.16446194739029,25.61913168360503,-7.666292574581178,0.0
0,11.001584888500066,25.341760534552076,-7.585298641746732,0.0
0,10.825616724483943,25.080254416963545,-7.502562655759959,0.0
0,10.67001848857793,24.8221941175395,-7.406889204719619,0.0
0,10.51994422978181,24.570294379815056,-7.290206658023067,0.0
0,10.35260734258167,24.328543389473683,-7.198125893671886,0.0
0,10.180645537252179,24.08324779893607,-7.121798925762619,0.0
0,10.026218587917128,23.838481909787802,-7.043136910568876,0.0
0,9.87976322471609,23.58486201566453,-6.9708289617382775,0.0
0,9.758881874549463,23.435697576886568,-6.966057053434298,0.0
0,9.613470843578618,23.178818577234193,-6.905400853350642,0.0
0,9.492792762773917,22.937154333784044,-6.815354878287337,0.0
0,9.35734468927063,22.693068958036836,-6.735182407822265,0.0
0,9.218248214093911,22.45507684137324,-6.665193090287403,0.0
0,9.074101711712785,22.2235964038087,-6.605380193045704,0.0
0,8.945364216907912,22.00453493615898,-6.552857684877125,0.0
0,8.838893431296714,21.886936073108618,-6.581250791541521,0.0
0,8.73355240236257,21.757184837622525,-6.5996322481938705,0.0
0,8.611028255925866,21.52735676760051,-6.532928418150561,0.0
0,8.495991251455699,21.292508711325326,-6.453041957859057,0.0
0,8.373250238260912,21.05160087049714,-6.374117192902645,0.0
0,8.292010740373513,20.908553987298603,-6.332756297096722,0.0
0,8.16603986760865,20.681655315158253,-6.265457849998683,0.0
0,8.069146821215043,20.52445104642915,-6.260282117499628,0.0
0,7.953655897107506,20.290337443639167,-6.222116269477709,0.0
0,7.857405046934616,20.14620855386397,-6.250277878179418,0.0
0,7.756609330309068,19.919956561894075,-6.227765154457984,0.0
0,7.670480437509465,19.79623684758123,-6.228944768262863,0.0
0,7.59001161883662,19.68805475234078,-6.227969519029415,0.0
0,7.507150529678221,19.564508001025587,-6.234232785134452,0.0
0,7.428035300275454,19.45326329037105,-6.227733144474541,0.0
0,7.31723688115682,19.26715855304107,-6.179655420283041,0.0
0,7.224988989766789,19.145430774626554,-6.187653421542592,0.0
0,7.145811069106177,19.00716518909971,-6.1999499529474065,0.0
0,7.044512169627346,18.785472138712013,-6.172710311257362,0.0
0,6.9584995899328845,18.633942835042525,-6.210574052772984,0.0
0,6.888976417083317,18.494189731696416,-6.2274931778842415,0.0
0,6.829470712175343,18.354899165536157,-6.2113446420895,0.0
0,6.75350940106863,18.237043799205928,-6.205074200146015,0.0
0,6.662347486155252,18.106234429376237,-6.2014383723177104,0.0
0,6.566251916781173,17.919838645777123,-6.157166805429313,0.0
0,6.482995364137352,17.772223176895398,-6.159753656514653,0.0
0,6.41101295925143,17.624327377669175,-6.186760926966343,0.0
0,6.3202393287992535,17.411344411663507,-6.185975638416522,0.0
0,6.257556201741576,17.26979885816649,-6.216716863528006,0.0
0,6.183930069624044,17.146940579573698,-6.260393455595363,0.0
0,6.109322362249294,17.016853194498687,-6.2800620814505805,0.0
0,6.052840952875712,16.896472192592586,-6.2864322695236865,0.0
0,5.970750622294414,16.77919377556724,-6.288581223236179,0.0
0,5.868366674589115,16.607528193975952,-6.252268067948648,0.0
0,5.794046007742928,16.480323783937457,-6.26244702642893,0.0
0,5.734178565232845,16.342463422358517,-6.285040194194323,0.0
0,5.6613509289200294,16.200777262187852,-6.322458993594552,0.0
0,5.585883631825755,16.01090690839009,-6.320792667891567,0.0
0,5.520647668211154,15.887832199738554,-6.343228981302985,0.0
0,5.449660408164519,15.765066791915398,-6.365701587568623,0.0
0,5.38419578380212,15.630170030864342,-6.378700090376526,0.0
0,5.334126079650012,15.494594875226753,-6.39272508071133,0.0
0,5.242367862040968,15.319096048416771,-6.370602111731557,0.0
0,5.180534368628681,15.189151190711069,-6.392046649729707,0.0
0,5.120780984138705,15.057046955551863,-6.4218183754407505,0.0
0,5.060729768701954,14.92297217091711,-6.460490652994821,0.0
0,4.989029864830801,14.752365338044969,-6.470516119946268,0.0
0,4.932452295954093,14.636951642419367,-6.521259270968727,0.0
0,4.873522948064551,14.520656774070154,-6.549185296954761,0.0
0,4.8135258247079875,14.403436047545817,-6.550673023995756,0.0
0,4.752495286582125,14.276764457657448,-6.5644163745538435,0.0
0,4.684801209543899,14.150140246646256,-6.578753778756692,0.0
0,4.614732780225271,13.996483452621712,-6.552079831822084,0.0
0,4.545152652914453,13.825488341989892,-6.536297226182995,0.0
0,4.482937865346958,13.70354320317579,-6.58782700788376,0.0
0,4.43444483375923,13.58916901352241,-6.635762909046576,0.0
0,4.379419889488389,13.46102847117834,-6.681325173564289,0.0
0,4.324618787256998,13.348993926575595,-6.721823246182566,0.0
0,4.275297225709384,13.227274239128398,-6.740683388208396,0.0
0,4.221101710509576,13.137112851148505,-6.8166465838678505,0.0
0,4.041162783965532,12.637916977044558,-6.734067442121614,0.0
0,3.9960678637772666,12.53305326259282,-6.772076317030127,0.0
0,3.8771463449552925,12.270263741902287,-6.769440300684039,0.0
0,3.817462877463072,12.167871293702879,-6.802578708533559,0.0
0,3.7011273294710847,11.848971560667955,-6.729702927252902,0.0
0,3.6558528881414567,11.733223107971337,-6.75392740581529,0.0
0,3.55983720161246,11.450280207458743,-6.7409493323317236,0.0
0,3.509844617775549,11.353413659836747,-6.777837969691177,0.0
0,3.465731984447693,11.251543275314152,-6.834892261408186,0.0
0,3.405476883380814,11.135032101855714,-6.832685877140705,0.0
0,3.363669469726144,11.030952162208118,-6.867748650760802,0.0
0,3.329428973201651,10.926824447817665,-6.901096579807302,0.0
0,3.287161725741136,10.817585672107548,-6.928082955458137,0.0
0,3.2371402246767254,10.710747797076253,-6.97804901810278,0.0
0,3.191703813080224,10.584803628836484,-6.981023964320485,0.0
0,3.1570340662090395,10.490066491612394,-7.0060553741950855,0.0
0,3.117284846669861,10.395528358833465,-7.030478103141093,0.0
0,3.0618523837894998,10.305796965076818,-7.070857666227312,0.0
0,3.0249226641529248,10.200480835033144,-7.0784841399141385,0.0
0,2.984233028489154,10.102907464334663,-7.116685875832189,0.0
0,2.9431360045126986,10.003755682821348,-7.163006681016697,0.0
0,2.896117391214652,9.899578030640829,-7.200114536760964,0.0
0,2.8701932633867955,9.800728811183486,-7.239393892783056,0.0
0,2.8270380717467454,9.675986641227068,-7.236643318417009,0.0
0,2.7862113630344894,9.585041926104708,-7.278698542750135,0.0
0,2.748941935617111,9.496922616913777,-7.3056587231629635,0.0
0,2.709834585098683,9.42261003315336,-7.337399204142429,0.0
0,2.6717267317237585,9.324566346223314,-7.376581019796532,0.0
0,2.6218070829571047,9.218887597993199,-7.38760056623758,0.0
0,2.5900991186280855,9.131130621984815,-7.4441770106330125,0.0
0,2.558361761215952,9.032527340688965,-7.484553316927787,0.0
0,2.528160870411785,8.933898935142672,-7.523621313317818,0.0
0,2.4947677193665143,8.82487110824676,-7.512162177068831,0.0
0,2.4553006951009166,8.74183368820211,-7.549934099056657,0.0
0,2.3921714245401304,8.564555624250602,-7.572308489213896,0.0
0,2.354775642777657,8.486725551818699,-7.618254520819079,0.0
0,2.3177502489367825,8.398758758731464,352.3237195996045,0.0
0,2.280336361481858,8.317731088150632,352.2641588037267,0.0
0,2.249895551879387,8.236334433923007,352.20482110121503,0.0
0,2.2280276043327554,8.143728669119259,352.1623394645506,0.0
0,2.187704471975728,8.050037130532754,352.1761703725139,0.0
0,2.139811147919243,7.866062619537246,352.22675946134893,0.0
0,2.078614119535896,7.6944543434739945,352.26632874952145,0.0
0,2.0431414583987966,7.60739886702366,352.21428504879515,0.0
0,2.004434613318942,7.513277083371648,352.126468214428,0.0
0,1.9730685329428432,7.430195158363064,352.0951404329226,0.0
0,1.920004513182377,7.281503241265049,352.07943792271647,0.0
0,1.8926977739617605,7.222259889163918,352.0561108621747,0.0
0,1.835126891225805,7.091090299394009,352.08543517985277,0.0
0,1.8014883084645739,7.021732072864537,352.04954032861104,0.0
0,1.7476278805701533,6.852930848113355,352.108619270225,0.0
0,1.7109127489465692,6.781270416363997,352.05855226779465,0.0
0,1.6659615542753698,6.6070830321243905,352.061368985905,0.0
0,1.6211620092668433,6.4212594942967955,352.0447556193873,0.0
0,1.5742910647406134,6.260890919351188,352.0792987949483,0.0
0,1.5315782305611343,6.1222191413471565,352.0804543272299,0.0
0,1.498423198020923,6.073663353012569,352.04034625438896,0.0
0,1.4578750240712637,5.951849438175656,352.0522517845435,0.0
0,1.401761852393708,5.826115003628399,352.0484666340095,0.0
0,1.3867400108471593,5.7574157308198854,352.049490997636,0.0
0,1.3317019329610318,5.619291844520589,352.0553880657001,0.0
0,1.3066337231553504,5.4795299614941095,352.05747580944694,0.0
0,1.2559902909422682,5.332008576658667,352.0878203858787,0.0
0,1.211067127093905,5.192852173036262,352.1229864910427,0.0
0,1.184129405813426,5.069946166170753,352.1710257679626,0.0
0,1.1718581099494543,5.023565958416839,352.18068976122163,0.0
0,1.1229760395796262,4.914701600908834,352.2237279054648,0.0
0,1.08156985638405,4.804200436697557,352.2605216444386,0.0
0,1.0630506578583478,4.75111634703579,352.2710998594732,0.0
0,1.0388148832628978,4.620345130519348,352.32046072949134,0.0
0,0.9993326415916108,4.497359928946362,352.3008134502854,0.0
0,0.9734070082620896,4.387577038835916,352.344661434523,0.0
0,0.9415986926948641,4.277757533027885,352.3886676308267,0.0
0,0.915547634157587,4.174807101049682,352.43104582167916,0.0
0,0.9053007416469043,4.133133785383019,352.4330840179589,0.0
0,0.8756120677480759,4.0450942993915655,352.4432429968747,0.0
0,0.8450005832758585,3.9502870076069376,352.4909544400549,0.0
0,0.8046197367562975,3.852839387869248,352.5234861870779,0.0
0,0.7867236534902027,3.8092363835488285,352.5163236167314,0.0
0,0.7730106492489384,3.7092592209222666,352.50908644101924,0.0
0,0.7434599938740654,3.626408238434573,352.5107505445553,0.0
0,0.7226257071888824,3.5449830652599275,352.51981938648714,0.0
0,0.6964197153762157,3.462952655130964,352.5288894814575,0.0
0,0.6881293120486625,3.4242373833697997,352.4782924393861,0.0
0,0.6564016037368248,3.341768586266099,352.51539414637796,0.0
0,0.6356415639422544,3.265164740163998,352.5161797747752,0.0
0,0.6152290818000701,3.2008059168818512,352.5076817864739,0.0
0,0.6006537752252932,3.1590237132555057,352.472585504921,0.0
0,0.5792829172277649,3.083586826033848,352.5148550580061,0.0
0,0.5584734462096748,3.0069830774620545,352.5155190345623,0.0
0,0.545056587978209,2.935747363133924,352.50847681475807,0.0
0,0.5184280263777516,2.872638284485115,352.5060900723417,0.0
0,0.515007532663585,2.805812031861983,352.52028403915074,0.0
0,0.4987261476114391,2.7702029247686273,352.51840847509203,0.0
0,0.4896396005237911,2.7542837711976667,352.4712370640435,0.0
0,0.47701632471993705,2.691352453631472,352.4696220322912,0.0
0,0.4523889371743408,2.6188429668535953,352.46083394043063,0.0
0,0.437962958100627,2.5642429054765543,352.50016639513444,0.0
0,0.42517526960082463,2.498732977853459,352.55633324664217,0.0
0,0.4111666510252263,2.4371607267221886,352.59718569764783,0.0
0,0.3900939363890714,2.3411726927940073,352.6450293868127,0.0
0,0.3715119533276372,2.2978572880602695,352.6374493303816,0.0
0,0.3595952891718852,2.2416160298479273,352.6344063644821,0.0
0,0.34594165439792945,2.186808641037837,352.67380893323923,0.0
0,0.3352769215296334,2.1399391402791856,352.6832980025951,0.0
0,0.3296895038441363,2.118044664630583,352.64334994686544,0.0
0,0.31171563456319973,2.0809045768684307,352.59294213827513,0.0
0,0.2941493660263568,2.0354514565711526,352.5787421826368,0.0
0,0.288977728779205,1.9886023258514243,352.62433728681646,0.0
0,0.28753855824029984,1.9363304463219624,352.64278459426646,0.0
0,0.2854310835196685,1.9149311586343476,352.6401848753102,0.0
0,0.26807528086301247,1.8713640822264175,352.6325751328237,0.0
0,0.25560140709207957,1.8163575736037938,352.67199555630077,0.0
0,0.23482838880232393,1.7749728386979964,352.7080062510705,0.0
0,0.23161012235344103,1.7356485161926738,352.7579446888359,0.0
0,0.23324165222194537,1.715700061206281,352.7267656036769,0.0
0,0.2149306186930282,1.672833707700283,352.7203655000376,0.0
0,0.20439528396023832,1.6427918776653883,352.71058891943653,0.0
0,0.1913465735655926,1.6011079241209796,352.74736848528744,0.0
0,0.18743652813217082,1.578521521338347,352.70751748823903,0.0
0,0.18487276185665635,1.5454311539850742,352.71481692372015,0.0
0,0.17405394885335568,1.5069225790670533,352.7652319771797,0.0
0,0.1611549873178042,1.4720290150497384,352.8005742418972,0.0
0,0.15989314225146956,1.4366218917662952,352.79967706346827,0.0
0,0.15022595940739691,1.4219009585186857,352.7951977903588,0.0
0,0.14963725018587226,1.3879546311280695,352.80123492900395,0.0
0,0.13876310692133842,1.358581884681378,352.79274265866366,0.0
0,0.13715065106737967,1.325392577327813,352.80010132830404,0.0
0,0.12616803166568857,1.2979705582744678,352.8396569451395,0.0
0,0.12489612760719737,1.284870087778124,352.8426518306428,0.0
0,0.11395937511802856,1.2447594751987126,352.88625565152483,0.0
0,0.10315377652432645,1.2172770922100202,352.9258203510848,0.0
0,0.09787212739630746,1.1894284421060277,352.96033504700154,0.0
0,0.09571675023572723,1.1817715104037525,352.95495129422807,0.0
0,0.10148980335131697,1.144150373652085,353.0138076751695,0.0
0,0.08830484270205474,1.1047266906724698,353.0987456716053,0.0
0,0.08496457343774466,1.0712686337206865,353.1416200027627,0.0
0,0.08112587668287574,1.0531134935447284,-6.811459679330397,0.0
0,0.07205476840146119,1.0227861883506435,-6.821158899226333,0.0
0,0.062198780502718876,1.0031206404501507,-6.816970526885854,0.0
0,0.060166034575495075,0.9841142435448607,-6.7714841576012645,0.0
0,0.06126946623875895,0.9692765479448298,-6.810567891200492,0.0
0,0.053222029124178505,0.940678604741457,-6.813574782945494,0.0
0,0.040581530539125055,0.910869939139193,-6.786400494374448,0.0
1,203.4398811661355,-32.57419125211237,4.647929322817561,0.0
1,204.434654733375,-32.229525253725704,4.858190005067996,0.0
1,206.11358084157933,-31.53834148533984,5.230226017790358,0.0
1,207.05530907966482,-31.06655625172513,5.475141120392692,0.0
1,208.6972428283572,-30.118502571727934,5.919915992003922,0.0
1,209.38964132029486,-29.176946333322075,6.672916857748845,0.0
1,208.25963648729612,-27.98650069677761,7.257466282722589,0.0
1,207.24626989727312,-27.506482756787676,7.562905247159364,0.0
1,205.4005356200073,-27.123148310439397,7.967645167154842,0.0
1,202.86675770260297,-26.880994772035656,8.594867185828178,0.0
1,200.24182404086162,-26.94047032413032,9.162127512473319,0.0
1,197.15596736519137,-27.142767882812606,9.72972273129713,0.0
1,195.10385893633622,-27.218822776521037,10.167176783190172,0.0
1,190.4592650301766,-27.392664837388974,10.960814295760912,0.0
1,184.83980249319825,-27.849753621800684,11.844964242364,0.0
1,179.25087587252307,-28.49162718054172,13.026574705346917,0.0
1,176.04786057833377,-28.772918776908426,13.751989401452704,0.0
1,168.10382865740382,-29.344985947599667,15.051884557485323,0.0
1,158.45415704048042,-29.845987600048893,15.739603230714295,0.0
1,150.98278680491947,-30.46292286038588,16.549516118296992,0.0
1,143.73210700099708,-31.343435757847832,17.438438000288755,0.0
1,139.04887999417875,-31.821265574102576,17.596390680948332,0.0
1,129.13620122896654,-32.605319908369204,18.551596897715456,0.0
1,116.85704815834461,-32.78480317561085,19.91568196738507,0.0
1,103.08627385112825,-32.02014105140154,21.542990903648246,0.0
1,87.91787716133429,-30.36917154791361,23.017100653123236,0.0
1,80.401622120278,-29.239080081012744,23.543061398386044,0.0
1,67.52814952758189,-27.3400730739321,24.521104519356072,0.0
1,53.953814877411524,-25.677586664088494,24.98926621674056,0.0
1,39.796958896074074,-24.226813498717302,24.921633714982107,0.0
1,31.2266169166136,-23.100034016705045,24.38467588444132,0.0
1,18.00144851281911,-21.138354818363183,23.59669076503539,0.0
1,7.669923382197162,-19.025748892930093,23.007170780814448,0.0
1,-2.160428114138618,-16.362542956228225,22.351276036916232,0.0
1,-11.707666535245124,-13.525314374375226,21.264490666338446,0.0
1,-17.68884288611801,-11.423714208670297,20.215722031854398,0.0
1,-23.279265202730443,-9.580760369287045,19.083341225525515,0.0
1,-30.41349884701733,-7.8997431823880095,17.90839980372391,0.0
1,-39.42469702393001,-6.187913236657181,16.828932745096353,0.0
1,-46.03617626566038,-4.70714166901155,16.23686445779893,0.0
1,-54.078687224529716,-2.4991554350105964,15.305769007791667,0.0
1,-60.81012857425892,-0.5961797164720007,14.069298537316712,0.0
1,-67.12522074309405,0.8448189071248895,12.627954148842349,0.0
1,-71.74437668795561,1.6829891328083,11.733573002241542,0.0
1,-76.2079760858097,2.690184093739216,10.57983059734255,0.0
1,-83.30475643557106,4.655749561041525,9.071313407573456,0.0
1,-88.7345190892815,6.106660653250207,7.030302084199292,0.0
1,-91.72357668486904,7.102410668796921,6.481112924672772,0.0
1,-96.20913808935359,8.598542933204772,5.117698075469377,0.0
1,-99.85351114959646,9.973425390293233,3.833455567985567,0.0
1,-104.33677287691216,11.113277194871529,2.344401668067917,0.0
1,-109.08570724164916,11.810083410935135,1.5382601095254813,0.0
1,-115.88096396785555,12.899525077220591,-0.596802227156843,0.0
1,-121.97411292296815,13.935366923022098,-2.963438929793199,0.0
1,-127.77753635360585,14.821671413158766,-5.297842263740307,0.0
1,-133.52904867244743,15.668901638016553,-7.540143753639001,0.0
1,-137.2311142626615,16.246421079181555,-8.420793814065377,0.0
1,-140.78057131644837,17.077728645873204,-9.931062551653639,0.0
1,-143.57796522674676,17.942758086749002,-10.827400925208565,0.0
1,-145.53307821044532,18.613968056592526,-11.201055357228455,0.0
1,-146.65098490560266,19.064154225341174,-11.143208465053078,0.0
1,-146.3573421708615,19.091184735681352,-10.772307648034683,0.0
1,-144.43328704380505,18.950514095801918,-10.005269006414323,0.0
1,-141.71835419009835,18.796484775868137,-8.921323007751283,0.0
1,-138.14540998482008,18.754678173058053,-7.392795296071085,0.0
1,-134.81423595913895,18.967537476471254,-5.551744818047695,0.0
1,-131.3961877393025,19.396972318068617,-4.165276199520292,0.0
1,-127.51218768544155,19.742148108417013,-2.7299745760136602,0.0
1,-122.79418492086586,19.709810999230626,-1.2353592843955141,0.0
1,-116.67171688166337,19.009982643514437,0.13551525822080634,0.0
1,-110.0935331484155,18.369643259395602,1.3786421284782762,0.0
1,-103.14631948071356,18.15923058519852,2.518107198974434,0.0
1,-97.34012700044661,18.13711291482009,3.543772609037376,0.0
1,-90.47872275594418,17.80566179175303,4.842772212705285,0.0
1,-86.91907209669084,17.97336241132688,5.914551612778865,0.0
1,-82.00752503987434,18.09265108902055,7.244632177331795,0.0
1,-76.54305808373446,18.092632700291563,8.501353970369195,0.0
1,-70.27800691651703,17.710693326288315,9.679243965338998,0.0
1,-65.03124453934159,17.140806124710522,10.66378681907156,0.0
1,-61.15336005045447,16.445874176014925,11.217962786914114,0.0
1,-57.1907530926312,15.471985021462462,11.434209749477276,0.0
1,-55.74903378506998,14.97563209584048,11.514769136665365,0.0
1,-49.198284928702655,14.03865803154643,11.72735294585084,0.0
1,-44.78350625977785,13.7557821273953,12.017729704921493,0.0
1,-42.71486205650862,13.699573558363799,12.233615603314576,0.0
1,-41.64479020510774,13.450205937364112,12.192192878600338,0.0
1,-42.17181198562292,13.228035507269029,12.101999305491432,0.0
1,-40.265793006227184,12.81353280148851,11.528355202173032,0.0
1,-36.82038927047249,12.392699844573706,10.95066469735778,0.0
1,-32.88918124425521,12.20392166959685,10.386376297852962,0.0
1,-31.797014049679376,11.97502395102141,9.98931755179214,0.0
1,-28.783309602780065,11.609587100099315,9.29161395536346,0.0
1,-26.52925361052344,11.211630174896728,8.266748886870943,0.0
1,-24.41618830247458,10.933942298432425,6.968678067956176,0.0
1,-21.694711324161403,10.680125626443777,5.752000258983202,0.0
1,-20.042984153140793,10.211132691938797,5.25836561177735,0.0
1,-15.14439179867415,9.67252859790357,4.694018736770914,0.0
1,-11.188779998428615,9.271152519338347,4.228313640042359,0.0
1,-7.3087841727651295,8.930492608348487,3.941023704702161,0.0
1,-5.659302546632517,8.703543390713394,3.8604343851015415,0.0
1,-3.4704567833431383,8.326869763140444,3.450483592258564,0.0
1,-3.176043815341714,8.395410436453806,2.7284322807518606,0.0
1,-5.406675196058046,8.055556539495454,1.621570576590301,0.0
1,-6.500286375037859,7.552260593828514,0.6943220533933641,0.0
1,-5.9970963136158275,6.444307843984243,0.11690470877292114,0.0
1,-7.917999283703693,5.974378712417044,-0.2652035734921583,0.0
1,-12.346965645953915,5.176088919972326,-0.9968760935521743,0.0
1,-17.67261073719071,4.3654858674849315,-2.0744912318526474,0.0
1,-20.464591423874182,3.987292693641045,-2.491827759768398,0.0
1,-20.088582217272176,4.021845010936143,-2.6385678536175305,0.0
1,-25.1985537582065,3.6763704296729767,-2.218547771067307,0.0
1,-31.673327159693343,3.2881441223123105,-2.7298534702199504,0.0
1,-38.52453572558772,2.882307813396581,-3.857614376873613,0.0
1,-38.87932581087439,3.182117873271787,-4.8965195755260424,0.0
1,-45.96625440789241,3.0493661319983065,-4.923104080056845,0.0
1,-46.75399464644785,4.07353841653676,-4.813768564236966,0.0
1,-41.801750382998435,5.010833118026305,-4.886003129728493,0.0
1,-42.474839439742354,6.4256591429066425,-4.379642145718918,0.0
1,-43.38596960587169,8.123925244538658,-4.2332640540100215,0.0
1,-47.859745034276834,9.447044453208466,-4.006754777920975,0.0
1,-48.56402409185569,10.993666199129313,-5.071951732975123,0.0
1,-48.25417941480842,11.82629343169117,-6.604450263013945,0.0
1,-50.81552206900976,12.432034558146695,-8.194335965777839,0.0
1,-46.69412407098855,11.8550102175845,-9.936952135539258,0.0
1,-50.554273947289985,11.82370832399302,-10.707030598601818,0.0
1,-49.163278603568045,11.164077103649875,-11.898414918991534,0.0
1,-42.62572808031704,10.363259576172194,-12.726624376673954,0.0
1,-39.59817068082681,10.365071128568152,-13.397873076505164,0.0
1,-40.73254713217369,11.010854267705023,-14.155639977790855,0.0
1,-34.20332742715005,10.45550868380363,-14.47813440140203,0.0
1,-33.97566715828208,10.688869677853813,-16.009140065325028,0.0
1,-32.25818447114922,10.200567787626904,-17.334403975973572,0.0
1,-30.86089472252244,9.868730830612028,-18.12864282104175,0.0
1,-30.475538415909966,9.245494488010689,-18.624271285021507,0.0
1,-28.826574416853518,8.413753981499939,-18.276176143783005,0.0
1,-28.108721833848577,8.125821899742823,-18.542434346681574,0.0
1,-25.746814594203613,7.918890759266269,-19.064154074480058,0.0
1,-26.72490925204329,8.167757740210922,-20.977706237125034,0.0
1,-25.31498941554885,6.949181016767557,-21.61747625626367,0.0
1,-25.485450707443164,5.935535769023081,-22.015363260517375,0.0
1,-25.685832273218608,5.3751143573840965,-22.163847939719744,0.0
1,-27.834954057179374,5.53760848171745,-22.84073552687525,0.0
1,-28.957760537641235,5.5209127947327215,-23.356252628185786,0.0
1,-28.687763276943144,5.171229514414423,-23.63709990087571,0.0
1,-25.71956094337608,4.6228309026057985,-22.273419333533155,0.0
1,-25.05560884012688,4.769560211460387,-23.298714975122806,0.0
1,-22.410925718109283,4.091897358732876,-23.23799065398174,0.0
1,-19.80497562841616,3.2430471656667272,-22.73326049065794,0.0
1,-16.81229467315177,2.495739788792733,-21.265919200164078,0.0
1,-14.239535375705088,2.1920147391984877,-20.660865802432056,0.0
1,-9.131725111099499,1.340321477591857,-18.521614540914598,0.0
1,-3.1188924511837826,0.5400282058890902,-15.9258851345174,0.0
1,4.144751874773732,0.05382477932556995,-12.788576656025583,0.0
1,9.423622964904837,-0.39498921457476843,-9.81517911287969,0.0
1,16.857453758011758,-0.9013843206106493,-6.797110118533027,0.0
1,24.654868672499035,-2.1546063611474864,-3.2890451600221695,0.0
1,31.81747500102516,-3.6878393001309284,-0.5818354668581378,0.0
1,44.87000881540676,-5.79922807664948,2.3705072345682368,0.0
1,57.223741887315576,-7.612303665273645,4.127264984556319,0.0
1,62.63554048720541,-8.362079229133812,4.7114787221585175,0.0
1,66.26618041008697,-8.632698533430892,4.979678737698407,0.0
1,68.75687043796096,-8.762012584526163,4.95755951215736,0.0
1,69.4986728277861,-8.864212087263299,4.509837810098077,0.0
1,70.46300399697644,-9.198537603263741,3.6333459020286796,0.0
1,71.98827984666568,-9.779056814749799,3.115865598755107,0.0
1,69.16780393942433,-9.803983084951206,2.1723537391912373,0.0
1,69.27835233402104,-9.89907131224562,1.5752418355035616,0.0
1,67.48717723658332,-9.461315301260031,0.9298218476799605,0.0
1,62.87879288627024,-9.27743691481933,0.00449668914396284,0.0
1,57.83310973149834,-9.293948775244766,-0.9985882668673014,0.0
1,54.54011555093841,-9.260394274056898,-1.7946047908581022,0.0
1,51.34492399159916,-9.101318630647508,-2.908155038630781,0.0
1,51.621244846364235,-9.670451386269775,-3.927262611013248,0.0
1,48.539194893250624,-10.251356279148723,-5.322106009491563,0.0
1,44.097669353755116,-10.56617459293117,-6.8194938742079785,0.0
1,40.93922747797125,-10.359312180769043,-8.227991575470213,0.0
1,39.56010395903073,-9.979025054008336,-9.573054051482956,0.0
1,38.26582990854976,-9.637009180275616,-10.784295247014228,0.0
1,34.09295772369009,-8.765813671010708,-11.460270534638369,0.0
1,34.841118451424535,-8.590690324823674,-12.72228230995421,0.0
1,30.653325612675737,-7.706719695119553,-14.07844949209931,0.0
1,29.066835236640472,-7.2684109593281185,-15.315978734527846,0.0
1,27.243192288116973,-7.050406483168157,-15.840197156198343,0.0
1,27.594477047651793,-6.40861050081134,-16.824911576426558,0.0
1,28.689542839441195,-5.710142062711212,-17.779082587884886,0.0
1,27.30539658053418,-4.862623188996604,-18.254858871076806,0.0
1,25.872103622602367,-3.868810392311744,-18.38674945885242,0.0
1,22.53732976062993,-3.352610890636397,-18.021096438928623,0.0
1,22.43660165014738,-1.9652514804706023,-17.792906711214044,0.0
1,18.595468306452446,-0.4499997654307375,-17.26827664092511,0.0
1,14.734261083104428,1.0159137436683423,-16.37110366223942,0.0
1,10.536420299372224,1.991631784826719,-15.239961911854436,0.0
1,6.103760021523456,2.2502584505300636,-14.223012458786457,0.0
1,2.857764443394373,2.781499527794706,-13.593340080681259,0.0
1,-3.3789638353724882,3.3604040044161128,-12.565600198157142,0.0
1,-9.792116664620593,3.754194284165556,-11.528846157792572,0.0
1,-15.582783235460639,3.812275241572358,-11.034103915606863,0.0
1,-20.27193592194385,3.527093740275369,-10.649260076963543,0.0
1,-25.78112697334791,3.0185845942222738,-9.964768587316655,0.0
1,-28.17540136388729,2.454791879989484,-8.306314429370019,0.0
1,-28.890430342712563,1.5755958498783365,-5.9608064043850675,0.0
1,-29.128112542121798,0.7251097550330581,-4.757407230440805,0.0
1,-31.077637675996073,-0.619583207780309,-3.2239628907330484,0.0
1,-31.265287142807324,-2.1044483301339056,-1.7914099611886627,0.0
1,-29.351368484109827,-2.907884043979303,-0.004683373801412927,0.0
1,-27.974842215794368,-3.521506138320035,2.2961247706056156,0.0
1,-26.83351414335698,-3.6242112088267984,3.0503082911517936,0.0
1,-30.874392742969768,-4.329192432886263,4.425542488901954,0.0
1,-30.875919732244085,-4.130228873070749,5.577733289717116,0.0
1,-29.631204526987865,-3.156863542538696,7.090370408329164,0.0
1,-22.28011908673099,-1.9414212679338494,8.040641137238481,0.0
1,-24.739678007100295,-0.8855466328400698,9.18305540039816,0.0
1,-21.84887766382875,0.31454951444274926,10.101708650418942,0.0
1,-22.363357725233868,0.857203557984267,9.841172681231967,0.0
1,-23.889281590259326,0.9226634063256274,9.389161438395178,0.0
2,11.774627309048507,12.042939830615724,-1.6392148451478192,0.0
2,12.180266746368371,9.768203875520069,-1.085385375502085,0.0
2,12.666385728951814,8.56251913346596,-0.8112603484023282,0.0
2,14.10984953720337,5.9683279903256174,-0.2913628670617072,0.0
2,16.399770024510055,1.1856214017865092,1.033543086455893,0.0
2,18.41141373996244,-2.4403543991701966,1.7770418668809782,0.0
2,20.12785032088201,-6.218011613760383,2.1349469279765003,0.0
2,21.092509475317502,-9.978176206297166,2.173581640282066,0.0
2,21.9268945683598,-13.553034202556546,2.0690676859420307,0.0
2,22.95568384836895,-17.01046682222964,1.996294900377677,0.0
2,24.29409609463005,-20.428043941972554,2.118449157625548,0.0
2,25.11719299183766,-22.13813238841383,2.226264367422772,0.0
2,27.160927237279353,-25.287379652904555,2.264738035450847,0.0
2,29.285439842389472,-28.510707310865968,2.193813094879829,0.0
2,30.999125064184845,-31.435802520699625,2.0527945868064137,0.0
2,31.816570423889896,-32.66205414291453,1.9787936475360652,0.0
2,33.14830422175846,-34.93883788404923,1.7033337838173566,0.0
2,34.231774209558274,-37.26331766071578,1.37807216696757,0.0
2,35.06666066813689,-39.51172327980228,0.9591058553538687,0.0
2,36.50741468498475,-41.197881751342955,0.633316688897338,0.0
2,37.14249827565717,-41.95324725942611,0.5497272402311637,0.0
2,38.35505438257122,-43.6143705592237,0.20082380433797198,0.0
2,39.79852064591969,-45.53485740245443,-0.5987721706330262,0.0
2,41.3272737970249,-47.539661683480304,-1.6391357552739976,0.0
2,42.96557186709156,-49.322591092937486,-2.472892691954911,0.0
2,43.856364143643106,-50.159324972936815,-2.7696908819146984,0.0
2,45.99863023353562,-51.95438528619016,-3.411029812062395,0.0
2,48.09423730051537,-53.762964860923105,-4.140139442743731,0.0
2,49.694766110873275,-55.47713135738161,-5.126519151427942,0.0
2,50.46045628727386,-56.305252414964414,-5.709233275709451,0.0
2,51.66920632630661,-57.99402977431049,-6.641803825736048,0.0
2,52.696738872903026,-59.629245229778135,-7.395878464257493,0.0
2,52.74038535655071,-60.87146889244362,-8.084766874587814,0.0
2,51.60137957595656,-62.03837539160929,-8.796864422447655,0.0
2,51.05285574881317,-62.64883763612309,-9.023647640523961,0.0
2,50.098461590952056,-63.89658058819643,-9.202085498248664,0.0
2,49.10716475125919,-64.79400364905248,-9.030368157023887,0.0
2,48.0424391622516,-64.98223643951866,-8.78276823563074,0.0
2,47.81715241049467,-64.996425730303,-8.663335903462837,0.0
2,47.56259205614194,-65.3128553836394,-8.311938712323268,0.0
2,47.15607240177828,-65.79030437559773,-7.88477950798152,0.0
2,46.36759865632338,-66.20937179414699,-7.439520461050776,0.0
2,45.535392910714194,-66.19282113403614,-6.962923677114361,0.0
2,45.199754823547345,-65.90111133776703,-6.826578050435245,0.0
2,44.530087037857,-64.6609593698824,-6.72793189218666,0.0
2,42.94998604135027,-63.02731098949714,-6.228349054311565,0.0
2,41.12351810538399,-61.102496221272375,-5.524369693569739,0.0
2,39.070261395735415,-58.82390004836296,-4.716509917073893,0.0
2,37.934481692537936,-57.510004905202635,-4.239317176354092,0.0
2,35.77697575822911,-54.643990195342155,-3.373476693015135,0.0
2,33.601992696252864,-51.62901497099725,-2.526427130730525,0.0
2,31.63835616448509,-48.55656385797373,-1.6909808248066724,0.0
2,30.304920443796554,-47.07598351492949,-1.3706880788203932,0.0
2,29.325988353758962,-44.310792464122635,-0.957536416239094,0.0
2,28.689816654413956,-41.84165044041193,-0.42055244397465685,0.0
2,27.35123523112334,-39.399914786655266,-0.2370521458771293,0.0
2,25.96867858587967,-37.34672074813959,0.015421718360215664,0.0
2,25.104902613138755,-36.76104003493304,0.11742768414251259,0.0
2,24.27542720679625,-35.06545110761893,0.39357423431215466,0.0
2,23.797356874280702,-33.60045251954899,0.968450111745824,0.0
2,23.858485654874066,-31.826820387973044,1.9664380584559353,0.0
2,23.319020153977007,-30.131502700619997,2.712377408187564,0.0
2,23.080756602838463,-29.552268504877976,3.0116316483318144,0.0
2,22.68592524420376,-28.02786157929332,3.9348503214259267,0.0
2,22.491943793794878,-26.455426097443375,4.993108201325896,0.0
2,21.93715195500391,-24.83420268347614,5.45356317340827,0.0
2,21.670364007163148,-24.387401172686754,5.478923181423909,0.0
2,20.836348228528266,-22.82302295794094,5.44529734461085,0.0
2,19.384366920054536,-21.05523663058002,5.005789498998695,0.0
2,18.617992445552506,-19.205041422091345,4.4249746702042785,0.0
2,17.951109035381567,-17.385913887157734,4.037825240375582,0.0
2,17.273816979575106,-16.701125245649727,3.983104474487817,0.0
2,16.22620936189252,-14.788106541257964,3.7564953759057005,0.0
2,15.279285893713897,-13.162986902229132,3.562017213215057,0.0
2,13.986891308940928,-11.734696442595288,3.0683385479420053,0.0
2,13.126815797964612,-11.286101563823976,2.646534924445234,0.0
2,10.237303071269157,-8.286251220065019,0.652866564585679,0.0
2,8.579996847779283,-7.058317723210255,-0.6217344738983854,0.0
2,6.6287768355125625,-4.962536159877111,-2.1091048289027015,0.0
2,4.303210377832563,-1.945341008667608,-4.344292946086654,0.0
2,3.082820127057156,-0.7732197168198809,-5.377833449202711,0.0
2,1.849845158628458,0.3141645848016239,-6.328977799380652,0.0
2,0.7778329069658962,0.6374573927978098,-6.799513102121637,0.0
2,-0.19929843857915586,1.5190048815358814,-7.54305141997925,0.0
2,-0.4676903129603822,2.459285257869741,-8.124922754097668,0.0
2,-0.9749174629498523,3.4906306951919426,-8.691948809713224,0.0
2,-1.568877583408769,3.9543429628377,-9.02805679290968,0.0
2,-2.65097125729838,4.873768675568709,-9.788809184232832,0.0
2,-3.519384997141522,5.656827007802633,-10.394080305332963,0.0
2,-3.884783545989782,6.314199671244253,-10.739444017256446,0.0
2,-3.9196390238163445,6.650433970934525,-10.74714345974094,0.0
2,-3.6267659637240257,7.206536320185897,-10.62317749303162,0.0
2,-3.2113610168202804,7.542382638811368,-10.537772641074753,0.0
2,-3.1666618808346634,7.694928720117421,-10.625986865044467,0.0
2,-2.99001832156984,7.695494669639814,-10.573300238083661,0.0
2,-2.4564104789954406,7.822296008625639,-10.220857341395728,0.0
2,-2.170356993645184,8.249841381651827,-9.8443891986269,0.0
2,-1.7561503567339152,8.631809464043034,-9.572220672459864,0.0
2,-1.6098105108405356,9.085474489113214,-9.527139363708613,0.0
2,-1.7805006375261812,9.503314030903823,-9.741830822570236,0.0
2,-1.883752607717673,10.201872370926491,-10.014207774998312,0.0
2,-1.9002120924497188,11.75200845102976,-10.463318433494067,0.0
2,-1.3683341908605477,11.990655560954242,-10.310171891206409,0.0
2,-1.6323553459152507,13.091051020708168,-10.30367061764133,0.0
2,-2.8558942503775464,15.906986402619312,-11.06316473677353,0.0
2,-4.364676673518339,18.39208939286825,-11.482082204269702,0.0
2,-5.233360789225776,19.72818372292081,-10.983030488332815,0.0
2,-6.238943229405146,20.563524020467955,-9.597185203454515,0.0
2,-6.639235019914058,20.958719889476182,-8.311975169772865,0.0
2,-7.222945595874856,22.83462781154459,-7.668777183720408,0.0
2,-7.372505727185434,23.196611453022705,-7.041901330903158,0.0
2,-6.987398836131846,21.62262493442934,-6.8287123671474035,0.0
2,-7.1651487147463655,19.9593020676314,-6.5361131809645485,0.0
2,-7.785080491225419,20.412566104756124,-5.950992052673769,0.0
2,-7.911695164170154,20.502515778328277,-5.3379599617991005,0.0
2,-7.278413497828919,19.180845973505193,-4.810269922859874,0.0
2,-7.152764014282211,19.154041656592305,-4.098992117924581,0.0
2,-6.858155531321445,19.1048635549826,-3.4489845807402446,0.0
2,-6.794109461962004,19.94392084854466,-2.7697636580435017,0.0
2,-6.502108111710664,18.33184013770326,-2.0711239858468673,0.0
2,-5.2071509561759015,15.59540325614437,-1.7011877901991568,0.0
2,-4.290886702797154,13.858024465886995,-0.9807808774061755,0.0
2,-4.771620841849749,14.06388286671972,0.021092368382852555,0.0
2,-4.56920599113541,12.463426798485155,1.3449947407150091,0.0
2,-4.3769297420118605,10.37727739500587,2.2172818803036307,0.0
2,-3.593126197404292,7.296427605185219,2.3048014794593996,0.0
2,-4.355986828894654,5.377780469829624,2.6284578566422,0.0
2,-5.83811193366072,5.521906102452775,3.1535137393698562,0.0
2,-6.270637840808902,4.100912562438808,3.627845156451883,0.0
2,-6.444961591699897,1.9444288030322738,3.6541939756109088,0.0
2,-7.1838690316743765,0.7983013207648781,3.9888502993381394,0.0
2,-7.617075408562364,-0.1843943837133324,4.18025970535939,0.0
2,-7.278250109330603,-0.10662791699297713,4.650170139325979,0.0
2,-5.271000054076424,-0.933583641345308,5.026819189665062,0.0
2,-3.983865008140082,-2.0257373015852735,5.092916737973155,0.0
2,-1.978620683429952,-2.393833969744442,5.018604559104972,0.0
2,-0.5345696457286451,-2.228876186593183,4.738282042628825,0.0
2,1.5302985273621807,-3.192815159295577,4.172303521772207,0.0
2,2.6990546882221977,-4.09265530149689,3.6480285477539667,0.0
2,3.555478887474102,-4.38179604526038,2.865106806776666,0.0
2,4.1938036345517204,-4.169907620261306,2.1962377137864735,0.0
2,4.911679709044261,-3.73499804072339,1.7246071578042859,0.0
2,5.1961212037929485,-3.4182228136925374,1.2934649433152714,0.0
2,4.452579438858425,-2.9479827783853665,1.2900599926796446,0.0
2,4.044984043622069,-3.158013355990583,1.4098005458860001,0.0
2,4.455179085012048,-3.447932866733453,1.059053714496713,0.0
2,5.581128384456875,-4.597141021466356,0.4160737086180717,0.0
2,6.163365067148153,-5.096909233264711,-0.25560308826079847,0.0
2,6.038039441300036,-4.325883620198397,-0.6836889476957992,0.0
2,7.064931399413872,-4.970307706311807,-1.6077214333298144,0.0
2,8.488693398448625,-6.805377936887524,-2.444088752177393,0.0
2,8.541138981457356,-7.268720658851997,-3.1322595392379498,0.0
2,7.212462264254956,-5.80359100309748,-3.3266979846851967,0.0
2,6.797866386480808,-5.7113987390288194,-3.7960373206865654,0.0
2,6.199510524804586,-5.453529669896305,-4.2704664146608025,0.0
2,6.162030389359809,-6.638939930649048,-4.404246691690304,0.0
2,5.822882422923386,-5.908078870929835,-4.431317105712594,0.0
2,6.253512036509334,-2.6252971729702104,-3.814412976459522,0.0
2,6.632010018621824,-2.092351530361814,-3.827465641453557,0.0
2,6.356139619113683,-1.5698411877669969,-4.221726784053288,0.0
2,6.8964384347884975,-1.2086202550617315,-4.293262933663414,0.0
2,8.123867201017575,-0.7236262903512074,-4.177808415378138,0.0
2,7.56701081983654,0.7578276899193597,-4.035832276211352,0.0
2,7.186575463544417,-0.16888251119345377,-4.915919808642485,0.0
2,5.821428473969013,0.2300874339908754,-5.906297141190834,0.0
2,4.780167689370598,0.760416761077265,-6.4594011923771575,0.0
2,3.585041244341334,2.6042094682085652,-6.712536281803949,0.0
2,3.6074224754550728,3.0218559107626026,-6.673120935504528,0.0
2,4.480735707202506,1.921789620790782,-6.321549664518585,0.0
2,3.845091554904774,1.8995333111803596,-6.060027076187623,0.0
2,2.833849139727485,1.8979335543092954,-6.104771816241879,0.0
2,1.9061510815287328,3.169637153704355,-6.48080045708258,0.0
2,2.3470005720273637,1.9366332831419975,-6.428865906950676,0.0
2,2.324572734712518,2.2267398552326636,-6.7290322692593065,0.0
2,2.715014273050465,2.7089354642775216,-6.8026065607789405,0.0
2,1.935500287335128,6.2040603361030975,-7.591415912089644,0.0
2,3.6223840307289903,3.2527640998746215,-6.159913293803186,0.0
2,4.117117168650273,3.614037154277028,-5.639889575179225,0.0
2,4.677594429152557,3.0969381350906175,-4.969382045550759,0.0
2,5.9359956438450725,1.5543455619674589,-3.4655972547653136,0.0
2,5.953597559642281,1.6921708074387567,-3.16116886534779,0.0
2,5.891408513501115,1.8825515342413972,-2.956221056563706,0.0
2,6.073431823733882,2.4744291620109955,-2.9928724882465474,0.0
2,6.336024681960672,2.2524086051279504,-2.748968144590407,0.0
2,5.7570113145654975,1.810618858879657,-2.7442304455515085,0.0
2,5.273908341099864,1.2890730545006264,-2.8030796403624834,0.0
2,5.382126085940758,1.4260284234592788,-2.9954361191753662,0.0
2,6.247387910312543,1.0764104636888234,-2.744398088979679,0.0
2,7.031310921846203,0.7900490674499352,-2.3909227654906147,0.0
2,7.33498869973423,0.3877748169945008,-2.042817282802474,0.0
2,7.1339568622762775,0.42381147691577326,-2.244561479442595,0.0
2,6.24234683398029,0.2074709421291061,-2.7595086606413872,0.0
2,5.3063733705372655,0.251656991723209,-3.2944111756067542,0.0
2,5.170161543900059,0.5318099719271885,-3.4917672539177573,0.0
2,5.368943930435027,0.8830765934151259,-3.4083842080178357,0.0
2,5.332124135416521,1.3252082736811275,-3.541275238708664,0.0
2,5.069950059037007,1.3903414321006267,-3.674393619443478,0.0
2,4.635019312414469,1.3029604478754493,-3.761624258744277,0.0
2,4.5392784266669555,1.377231250850727,-3.689327703182258,0.0
2,4.782768350053409,1.2813368209423572,-3.3720163844867983,0.0
2,5.063519460119958,0.8752540136597275,-3.103578779220797,0.0
2,4.7112358173428355,0.6362824336695709,-3.051081726545192,0.0
2,3.6749998095434933,0.29957502290211835,-3.020286734450792,0.0
2,2.6131992920503517,1.045798935891952,-3.2146119776442816,0.0
2,2.1000517776994805,1.397966846411503,-3.1050852471540082,0.0
2,2.858029517620653,0.7293321020490211,-2.4815815419902947,0.0
2,3.5624202019750477,1.1844991825509759,-2.279298338220812,0.0
2,4.305843659033955,3.010243778570093,-3.1581365281234355,0.0
2,5.2777773259891845,3.8966657491154564,-3.2849779669211046,0.0
2,6.188119470035227,3.072796155322891,-2.962579033414258,0.0
2,6.276598600940814,3.426388787379665,-2.6595152250752534,0.0
2,6.646487447373088,3.780864355047301,-1.8077166032056056,0.0
2,6.650228323321588,5.385365360607793,-0.9665222096969046,0.0
2,6.914540738388741,4.83555922943552,-0.39943336350319214,0.0
2,7.277551819526738,4.281436978677546,0.2344723224371421,0.0
2,7.90291527914914,3.0905506279958948,0.5759854914687992,0.0
2,8.274181545547506,1.3266028875370255,0.7915946258698341,0.0
